"Residue","Morph_pvalue","Timepoint_pvalue","Sex_pvalue","MorphXTimepoint_pvalue","MorphXSex_pvalue","TimepointXSex_pvalue","start","NCBI","Morph_pvalue_corrected","Timepoint_pvalue_corrected","Sex_pvalue_corrected","MorphXTimepoint_pvalue_corrected"
"chr019946848.1_51340",4.54586726138607e-06,0.00286041884214357,6.13151663101194e-13,0.00118798438391578,0.000836485794989061,0.116187789979161,"51340","NW_019946848.1",0.047004267482732,1,6.33998819646635e-09,1
"chr019949948.1_4186",0.0189078699615239,0.189898939177772,2.47761704106448e-18,0.285409941598507,0.0241112736336047,0.438167909603643,"4186","NW_019949948.1",1,1,2.56185602046067e-14,1
"chr036875.1_267794",0.951768813140879,0.000356418872377992,2.85602986843575e-06,4.17189672516945e-05,0.000728359761450962,0.407953172210954,"267794","NC_036875.1",1,1,0.0295313488396256,0.431374121382521
